agent,noise_level,mean_reward,success_rate,mean_steps
SNN,0.0,0.9000000000000001,1.0,11.0
SNN,0.1,0.9902918301112265,1.0,10.34
SNN,0.3,1.1170081298186945,1.0,10.27
SNN,0.5,1.1538826036139351,1.0,10.09
SNN,1.0,1.550657810579938,1.0,9.85
SNN,2.0,2.1045417163937223,1.0,10.38
Tabular,0.0,0.9300000000000002,1.0,8.0
Tabular,0.1,1.003008687571502,1.0,8.0
Tabular,0.3,1.149026062714506,1.0,8.0
Tabular,0.5,1.2950434378575095,1.0,8.0
Tabular,1.0,1.6600868757150193,1.0,8.0
Tabular,2.0,2.3901737514300385,1.0,8.0
DQN,0.0,0.9300000000000002,1.0,8.0
DQN,0.1,1.003008687571502,1.0,8.0
DQN,0.3,1.149026062714506,1.0,8.0
DQN,0.5,1.2950434378575095,1.0,8.0
DQN,1.0,1.6600868757150193,1.0,8.0
DQN,2.0,2.3901737514300385,1.0,8.0
PPO,0.0,0.9192,1.0,9.08
PPO,0.1,0.9815732243731623,1.0,8.9
PPO,0.3,1.1313080108777307,1.0,9.06
PPO,0.5,1.303769887183718,1.0,8.85
PPO,1.0,1.7082881782738797,1.0,8.85
PPO,2.0,2.3652712478310907,1.0,9.07
BFS-replan,0.0,0.9300000000000002,1.0,8.0
BFS-replan,0.1,0.9300000000000002,1.0,8.0
BFS-replan,0.3,0.9300000000000002,1.0,8.0
BFS-replan,0.5,0.9300000000000002,1.0,8.0
BFS-replan,1.0,0.9300000000000002,1.0,8.0
BFS-replan,2.0,0.9300000000000002,1.0,8.0
