episode,total_reward,steps,success,truncated,mean_actor_spikes,mean_value,mean_td_error,mean_actor_update,mean_critic_loss,baseline,greedy_action_diversity
1,0.6799999999999999,33,True,False,1.4242424242424243,-0.3018953231247989,-0.044811799049828994,0.7538231200684425,0.11765740286032907,0.0,3
2,0.72,29,True,False,0.3448275862068966,-0.823471593445745,0.05616791289428185,0.7165722291621368,0.16409881864844997,0.0,2
3,0.72,29,True,False,2.5172413793103448,-1.0481505907815079,0.0958684621186092,0.854046340170467,0.13219563009649923,0.0,1
4,-1.0000000000000007,100,False,True,3.41,-0.7009724596142769,-0.000982072949409485,0.42778737848128,0.003481527817764345,0.0,1
5,-1.0000000000000007,100,False,True,2.48,-0.5125450354814529,0.006332140564918518,0.30183562127922414,0.0034773868530397324,0.0,2
6,-1.0000000000000007,100,False,True,1.85,-0.4131280015408993,-0.0037987786531448364,0.3250355554691333,0.003703054387460725,0.0,2
7,-1.0000000000000007,100,False,True,0.45,-0.753771365582943,-0.0037127694487571715,0.3081600879950975,0.004994348093587178,0.0,2
8,0.33999999999999964,67,True,False,0.4626865671641791,-0.6017952970604399,0.03118358485734285,0.4970574749960864,0.03640150003299022,0.0,2
9,-1.0000000000000007,100,False,True,1.38,-0.5450481417775154,-0.001470644176006317,0.2546778993963744,0.002144123493586889,0.0,3
10,0.82,19,True,False,0.5789473684210527,-0.4688895329048759,0.07521497889568932,0.4936860897655367,0.10893951912140964,0.0,2
11,-1.0000000000000007,100,False,True,1.13,-0.49201287508010866,-0.0015574783086776734,0.2266156044133632,0.0016558878322146598,0.0,2
12,0.10999999999999943,90,True,False,0.4666666666666667,-0.4552238719330894,0.013696610927581787,0.3394300279229185,0.027474479522672682,0.0,3
13,0.84,17,True,False,0.8823529411764706,-0.5475863183245939,0.08331448190352496,0.5096888261325202,0.13789929700578796,0.0,2
14,0.75,26,True,False,1.1538461538461537,-0.5162681088997767,0.046632746091255776,0.5438345672408611,0.08269040653337575,0.0,1
15,0.15999999999999948,85,True,False,1.188235294117647,-0.5333947076516993,0.018693747941185446,0.35109426048754944,0.025679732447766876,0.0,1
16,0.5799999999999998,43,True,False,1.4651162790697674,-0.4067913668100224,0.030418513819228773,0.4491206223337411,0.04450968255723659,0.0,1
17,0.23999999999999955,77,True,False,1.2727272727272727,-0.3894262635088586,0.01323180307041515,0.3949156169071188,0.02844515516583606,0.0,1
18,0.23999999999999955,77,True,False,0.8051948051948052,-0.4218512498713159,0.019425721911640912,0.3562769405583698,0.025180426934628786,0.0,2
19,0.6199999999999999,39,True,False,0.7948717948717948,-0.37007698263877475,0.028088409167069655,0.4625862411807341,0.04834834513099523,0.0,1
20,0.6099999999999999,40,True,False,1.025,-0.3975699208676815,0.0336040273308754,0.4323734711193197,0.047884693469213604,0.0,1
21,0.5999999999999999,41,True,False,1.0975609756097562,-0.3322477282547369,0.028166472911834717,0.4697683243682306,0.04089321586528865,0.0,1
22,-1.0000000000000007,100,False,True,1.2,-0.3525524666905403,-0.0028246021270751953,0.181305399572434,0.00037906841264625515,0.0,2
23,0.7799999999999999,23,True,False,1.1304347826086956,-0.41242511116940045,0.058758251045061195,0.45166248060728204,0.08246539506856844,0.0,1
24,0.82,19,True,False,1.263157894736842,-0.3668043785973599,0.06925318899907563,0.49982918603606813,0.09252714975155273,0.0,1
25,0.5299999999999998,48,True,False,1.2708333333333333,-0.3475424411396186,0.020742698883016903,0.40860850395053677,0.0369058842852761,0.0,1
26,0.10999999999999943,90,True,False,1.488888888888889,-0.38813110921117994,0.012593707111146714,0.3101844734466195,0.022714505032064066,0.0,1
27,0.3099999999999996,70,True,False,1.3428571428571427,-0.4345274214233671,0.0182920013155256,0.3412734436418948,0.02789065118786871,0.0,1
28,0.88,13,True,False,1.6153846153846154,-0.39737128294431245,0.10022738805183998,0.39758637022126864,0.12941970128136185,0.0,1
29,-1.0000000000000007,100,False,True,1.75,-0.34976071923971175,-0.0020796482264995573,0.18526554613232066,0.0005269455121500499,0.0,1
30,-1.0000000000000007,100,False,True,1.66,-0.47582062721252444,-0.007735803425312042,0.13266596330913558,0.0007113101256532062,0.0,2
31,0.71,30,True,False,1.7333333333333334,-0.5883523563543955,0.05714922348658244,0.49085629258687125,0.07374109271131601,0.0,1
32,0.3299999999999996,68,True,False,1.9558823529411764,-0.46234895508078966,0.02227677536361358,0.2834716925156847,0.027284988586624558,0.0,1
33,0.4999999999999998,51,True,False,2.0392156862745097,-0.4441085732450672,0.020759361631730023,0.36375984042459936,0.03818610827694334,0.0,1
34,-1.0000000000000007,100,False,True,2.12,-0.4122201958298683,-0.003378826081752777,0.17158363662879764,0.0005271193492124126,0.0,1
35,0.85,16,True,False,2.0,-0.46689935959875584,0.08191709592938423,0.5217844664449842,0.1364497529636992,0.0,1
36,0.48999999999999977,52,True,False,2.1153846153846154,-0.5181500802819545,0.031155397112552937,0.3297157013871671,0.04026076181384916,0.0,1
37,-1.0000000000000007,100,False,True,2.22,-0.4816619583964348,-0.0011365336179733276,0.12157888190953599,0.00022091530661638714,0.0,1
38,-1.0000000000000007,100,False,True,2.05,-0.4676888421177864,-0.0016916188597679137,0.0854277716640479,0.00020170238109106008,0.0,1
39,0.37999999999999967,63,True,False,2.0,-0.5449907666160947,0.02130048047928583,0.314353288928339,0.03596491996948782,0.0,1
40,-1.0000000000000007,100,False,True,2.17,-0.5088115891814232,0.0006456223130226136,0.11194248391690963,0.00037200603682965296,0.0,1
41,0.12999999999999945,88,True,False,2.1363636363636362,-0.46742379326712,0.01482094553383914,0.24755414542964227,0.021822670317529755,0.0,1
42,0.3099999999999996,70,True,False,2.242857142857143,-0.47720426533903393,0.014772256783076695,0.30882014578031985,0.02871324475511311,0.0,1
43,0.35999999999999965,65,True,False,2.1076923076923078,-0.5110577624577742,0.0206087758907905,0.309698366509488,0.03064072058552834,0.0,1
44,0.02999999999999936,98,True,False,2.3469387755102042,-0.5175515571419074,0.011227664898852912,0.31610257268513514,0.022328222240158117,0.0,1
45,-1.0000000000000007,100,False,True,2.61,-0.4862399110198021,-0.0036269471049308775,0.1756869816933777,0.0009128154526270294,0.0,1
46,0.15999999999999948,85,True,False,2.823529411764706,-0.5184533567989573,0.018050652391770308,0.26512245491368747,0.027190268164414486,0.0,1
47,-1.0000000000000007,100,False,True,2.74,-0.5320844683051109,-0.001899467408657074,0.12910138006658373,0.00030669741849237653,0.0,1
48,0.5399999999999998,47,True,False,2.851063829787234,-0.5393781148372813,0.029705883974724626,0.3519130428617439,0.04979765165470408,0.0,1
49,-1.0000000000000007,100,False,True,3.39,-0.5866807925701142,-0.0012528526782989503,0.08776673525225419,5.4454663580543186e-05,0.0,1
50,-1.0000000000000007,100,False,True,2.8,-0.5957797914743423,0.00010699331760406494,0.05271859222959904,9.312194913952964e-05,0.0,1
51,-1.0000000000000007,100,False,True,2.65,-0.6118615692853928,-0.005491000413894653,0.1041623517458902,0.0005294449118238731,0.0,1
52,0.6499999999999999,36,True,False,2.5277777777777777,-0.9072269217835532,0.054864721165763006,0.5722687896130702,0.09668348863618971,0.0,1
53,-1.0000000000000007,100,False,True,2.91,-0.8615872883796691,-0.004836716055870056,0.12413650195933769,0.0004398268252293747,0.0,1
54,-1.0000000000000007,100,False,True,2.68,-0.8228007566928863,0.00033954143524169924,0.17052705970949134,0.0017522198950637247,0.0,1
55,0.12999999999999945,88,True,False,2.659090909090909,-0.8166762204332785,0.01974431628530676,0.23759799904828263,0.032332343893023724,0.0,1
56,-1.0000000000000007,100,False,True,3.26,-0.7949399828910828,-0.0032293003797531127,0.11949452291202761,0.0004230124548368508,0.0,1
57,0.75,26,True,False,2.5384615384615383,-0.775770020026427,0.07974632198993976,0.5314699500112195,0.09945350492073256,0.0,1
58,-1.0000000000000007,100,False,True,3.36,-0.5547710284590721,0.0010885629057884216,0.15912097240848197,0.0007553104784641463,0.0,1
59,-1.0000000000000007,100,False,True,2.92,-0.6903957238793373,-0.003847994804382324,0.1530261972512608,0.0008739726328371944,0.0,1
60,-1.0000000000000007,100,False,True,3.0,-0.5973299837112427,0.002001310586929321,0.10012683505844051,0.0004678445634201367,0.0,1
61,-1.0000000000000007,100,False,True,3.0,-0.6150273460149766,-0.002269884943962097,0.06873292911101543,0.00021756496048489283,0.0,1
62,0.009999999999999343,100,False,True,3.0,-0.7675687128305435,0.014043062329292297,0.2492485870021801,0.03373450668879741,0.0,1
63,-1.0000000000000007,100,False,True,3.88,-0.821152834892273,-0.0007391577959060669,0.07853881185688294,0.00013485690381727976,0.0,1
64,0.15999999999999948,85,True,False,2.9647058823529413,-0.8419540987295263,0.02057325980242561,0.26330428854941657,0.035795204144847714,0.0,1
65,-1.0000000000000007,100,False,True,4.5,-0.7338440835475921,-0.0009869003295898437,0.09686251353327861,0.00014669060419503666,0.0,1
66,-1.0000000000000007,100,False,True,2.96,-0.8139607673883438,-0.001876177191734314,0.05337992608828699,0.00011951453429706049,0.0,1
67,0.45999999999999974,55,True,False,2.8,-0.8277231899174777,0.03250095735896717,0.3610039819140721,0.056168697516912336,0.0,1
68,-1.0000000000000007,100,False,True,4.24,-0.7488285499811173,-3.0154585838317873e-05,0.1080763154425125,0.00024069327894522984,0.0,1
69,0.24999999999999956,76,True,False,3.0,-0.6640505320147464,0.021957035127438997,0.2585566129367862,0.034662384175933654,0.0,1
70,0.13999999999999946,87,True,False,3.9885057471264367,-0.7366320011259495,0.017140067171776432,0.2717503906178849,0.030826377317116307,0.0,1
71,-1.0000000000000007,100,False,True,4.3,-0.5210521495342255,0.0013763651251792908,0.1196926915716449,0.0001493479094171324,0.0,1
72,-1.0000000000000007,100,False,True,2.95,-0.5301548472046852,-0.0001576554775238037,0.05942447962604433,0.00017995301645157725,0.0,1
73,-1.0000000000000007,100,False,True,2.87,-0.5367046990990638,0.000135442316532135,0.04022692515363858,0.000113019490721058,0.0,1
74,0.25999999999999956,75,True,False,2.6933333333333334,-0.5716721165180206,0.01999214808146159,0.23444523131935058,0.030209031328154622,0.0,1
75,-1.0000000000000007,100,False,True,3.16,-0.4979435059428215,-0.0038841304183006285,0.10651265050940766,0.00014978701370182534,0.0,1
76,-1.0000000000000007,100,False,True,3.0,-0.6622599780559539,0.0009741306304931641,0.0125356579481695,8.192444147496758e-06,0.0,1
77,0.24999999999999956,76,True,False,3.0,-0.6108900414485681,0.021179013738506718,0.22599186626241013,0.029409498167260153,0.0,1
78,0.01999999999999935,99,True,False,3.6565656565656566,-0.5471454976182996,0.014871816442470358,0.22481180681047544,0.017146846282966817,0.0,1
79,0.09999999999999942,91,True,False,3.989010989010989,-0.1368973692137093,0.011370403159941946,0.26271643250306426,0.017767926420551427,0.0,1
80,-1.0000000000000007,100,False,True,3.9,-0.3127153931558132,-0.0027529001235961914,0.09576413188295191,0.00022360193717986478,0.0,1
81,-1.0000000000000007,100,False,True,2.89,-0.46062442421913147,0.0008370453119277955,0.04964867191883457,0.0001931414720468183,0.0,1
82,-1.0000000000000007,100,False,True,2.85,-0.39786131501197813,-0.002580050826072693,0.049836001137170384,6.505979239605608e-05,0.0,1
83,-1.0000000000000007,100,False,True,3.0,-0.7072338622808456,0.0003903317451477051,0.0610150942344538,0.00020454253494708752,0.0,1
84,-1.0000000000000007,100,False,True,2.7,-0.820614387691021,-0.002467973232269287,0.06961479994282854,0.00029614406693696083,0.0,1
85,-1.0000000000000007,100,False,True,2.5,-0.7679414683580399,-0.0003024864196777344,0.04370728267143477,0.0003061840012425776,0.0,1
86,-1.0000000000000007,100,False,True,2.5,-0.8254366612434387,-0.0003852003812789917,0.041489381065962935,7.915767674603558e-05,0.0,1
87,-1.0000000000000007,100,False,True,2.5,-0.7784020310640335,-0.0001685410737991333,0.05435025016968382,0.00011894035939072012,0.0,1
88,0.69,32,True,False,2.5,-0.7646530922502279,0.054585400968790054,0.4749974296127988,0.0983075967750997,0.0,1
89,0.23999999999999955,77,True,False,2.896103896103896,-0.8426862986056836,0.020992743504511847,0.31059386188270727,0.04593124179179119,0.0,1
90,-1.0000000000000007,100,False,True,3.47,-0.8378732770681381,-0.0018860733509063721,0.11637729550783661,0.00013315261792730128,0.0,1
91,-1.0000000000000007,100,False,True,2.61,-0.9258065897226334,-2.264082431793213e-05,0.0498478210518391,8.37981260133347e-05,0.0,1
92,-1.0000000000000007,100,False,True,2.92,-0.904888066649437,-0.0007945400476455689,0.021265224793023663,3.0644121499143754e-05,0.0,1
93,0.3199999999999996,69,True,False,2.8260869565217392,-0.9242822009584178,0.027610538662343784,0.2770894588013016,0.05480426375833729,0.0,1
94,-1.0000000000000007,100,False,True,4.49,-0.8359589868783951,0.00023740530014038086,0.08442433002401231,3.2896145636946985e-05,0.0,1
95,-1.0000000000000007,100,False,True,2.99,-0.9447829437255859,-0.0021185046434402466,0.04180108663953348,5.731745017083512e-05,0.0,1
96,-1.0000000000000007,100,False,True,3.0,-0.9835975724458694,0.0004573380947113037,0.01346702460903316,4.5403784566673265e-05,0.0,1
97,0.6699999999999999,34,True,False,2.7941176470588234,-0.9188578672268811,0.05579811685225543,0.473051517944762,0.10379018587561968,0.0,1
98,-1.0000000000000007,100,False,True,4.35,-0.7491731166839599,-0.0004364895820617676,0.09297995960762762,2.456603246745459e-05,0.0,1
99,-1.0000000000000007,100,False,True,2.96,-0.8789033371210099,-0.0005613547563552856,0.037801699156746055,5.180217436134171e-05,0.0,1
100,0.5599999999999998,45,True,False,2.7111111111111112,-0.7974657734235128,0.03989017473326789,0.36159004540479855,0.04698165577946124,0.0,1
101,0.15999999999999948,85,True,False,3.541176470588235,-0.36123022033887753,0.010599941716474645,0.2189230562246688,0.004509065035380017,0.0,1
102,-1.0000000000000007,100,False,True,3.75,-0.05444074548780918,0.0017591426521539688,0.26290366209906324,0.004016840698256825,0.0,1
103,-1.0000000000000007,100,False,True,3.38,-0.20715443881228565,-0.0012893565371632576,0.1504127219502152,0.0013085503326200865,0.0,1
104,-1.0000000000000007,100,False,True,2.83,-0.6655432295799255,-0.0062839633226394655,0.043172289505355205,0.00011171261701679924,0.0,1
105,-1.0000000000000007,100,False,True,2.96,-0.8868683731555939,-0.0001117628812789917,0.06621138748468126,0.00016982565971787266,0.0,1
106,0.36999999999999966,64,True,False,2.8125,-0.9165157554671168,0.029008418321609497,0.32246915373334417,0.062429738759210096,0.0,1
107,-1.0000000000000007,100,False,True,4.9,-1.0395553833246232,-0.002071683406829834,0.07213372286962567,5.2162113850613425e-05,0.0,1
108,-1.0000000000000007,100,False,True,3.0,-1.0576089715957642,2.6407241821289064e-05,0.030065232856150034,3.151082402212069e-05,0.0,1
109,-1.0000000000000007,100,False,True,2.79,-0.9851020467281342,0.001904483437538147,0.05136304064256251,0.0001257311618500978,0.0,1
110,-1.0000000000000007,100,False,True,2.8,-0.8628734809160232,-0.0005662894248962402,0.021422715021923295,2.220217194846441e-05,0.0,1
111,-1.0000000000000007,100,False,True,2.84,-0.8327917861938476,0.001859821081161499,0.04089869056906991,7.667148922706702e-05,0.0,1
112,0.5399999999999998,47,True,False,2.617021276595745,-0.803633820503316,0.03713148071410808,0.3792622204235671,0.07186200701347205,0.0,1
113,-1.0000000000000007,100,False,True,4.08,-0.6273397117853164,0.0006483590602874756,0.08956577099231425,4.572682422889329e-05,0.0,1
114,0.11999999999999944,89,True,False,3.0,-0.6647415301772985,0.01907245496685585,0.21879884736985628,0.03128798800177526,0.0,1
115,0.44999999999999973,56,True,False,5.0,-0.5709481686353683,0.026652395725250244,0.35468930836907475,0.041767817147185325,0.0,1
116,-1.0000000000000007,100,False,True,5.0,-0.6036171209812164,-0.002595720887184143,0.12434575506779766,4.604312180621406e-05,0.0,1
117,-1.0000000000000007,100,False,True,4.15,-0.6929281574487686,0.0002054619789123535,0.05823188426576053,0.0003007858124334462,0.0,1
118,0.3999999999999997,61,True,False,2.9836065573770494,-0.7484852388256886,0.02851351655897547,0.289693363916837,0.05195789729096984,0.0,1
119,-1.0000000000000007,100,False,True,4.82,-0.6470804071426391,-0.00011628329753875733,0.08280599983754655,5.964588282267868e-06,0.0,1
120,0.0799999999999994,93,True,False,2.956989247311828,-0.6140159765879313,0.0175168732161163,0.22180549276754147,0.026957899990070814,0.0,1
121,-1.0000000000000007,100,False,True,4.18,-0.6894327539205551,-0.002908855676651001,0.10061301961935441,7.174897178096274e-05,0.0,1
122,-1.0000000000000007,100,False,True,2.89,-0.919483790397644,-0.000956873893737793,0.04372631927283692,0.0001627250873855246,0.0,1
123,-1.0000000000000007,100,False,True,2.8,-0.8967990881204605,0.0010324788093566894,0.033005486307437194,0.00016465448810844662,0.0,1
124,0.5799999999999998,43,True,False,2.488372093023256,-0.8277531307797099,0.038893405781235804,0.3690090188449472,0.0617935838399241,0.0,1
125,0.009999999999999343,100,False,True,3.76,-0.6141807800531387,0.014133424162864686,0.2235232610647432,0.01660790154314208,0.0,1
126,-1.0000000000000007,100,False,True,4.07,-0.5282821419090032,-0.003092324286699295,0.12798904569866865,0.000979557514511349,0.0,1
127,-1.0000000000000007,100,False,True,3.0,-0.7816087800264359,-0.0017659085988998412,0.056932393754735244,0.00028635450454785885,0.0,1
128,-1.0000000000000007,100,False,True,3.01,-0.8209965664148331,0.000669783353805542,0.03379012917616365,0.00017144957186811637,0.0,1
129,-1.0000000000000007,100,False,True,3.0,-0.7446091252565384,0.0007684582471847534,0.08849966369871538,0.0007588650463188885,0.0,1
130,-1.0000000000000007,100,False,True,2.75,-0.7578327882289887,-0.0009018868207931518,0.016721699870707738,1.3802531563484877e-05,0.0,1
131,-1.0000000000000007,100,False,True,2.71,-0.779907408952713,-0.0008254343271255493,0.05859362062925982,0.0002400716018663829,0.0,1
132,-1.0000000000000007,100,False,True,2.66,-0.8653638386726379,-0.0004471874237060547,0.024964334147564812,3.89735900907695e-05,0.0,1
133,-1.0000000000000007,100,False,True,2.51,-0.8329128986597061,-0.00021794974803924561,0.04162868455464263,0.0001480176455264015,0.0,1
134,0.6499999999999999,36,True,False,2.8333333333333335,-0.8810095720820956,0.05197414259115855,0.4844242049999568,0.10351010792681611,0.0,1
135,-1.0000000000000007,100,False,True,4.12,-0.8107611340284347,-0.0014003938436508178,0.09132441702069811,2.9213695461898227e-05,0.0,1
136,-1.0000000000000007,100,False,True,3.12,-0.940623020529747,-0.00044852256774902344,0.026710675553640612,1.807499259189882e-05,0.0,1
137,0.37999999999999967,63,True,False,3.0,-0.8889907409274389,0.029609901564461843,0.29098991981062583,0.049926245090905326,0.0,1
138,-1.0000000000000007,100,False,True,4.9,-0.849841103553772,-0.0012935662269592284,0.08651330602901908,1.2748869763754556e-05,0.0,1
139,0.3199999999999996,69,True,False,3.0,-0.9137383647586989,0.025907751442729565,0.2598301670865191,0.041602579580028,0.0,1
140,-1.0000000000000007,100,False,True,4.64,-0.8241278916597367,-0.0013906300067901612,0.10319087138469513,4.978651063737516e-05,0.0,1
141,-1.0000000000000007,100,False,True,3.0,-0.7348301619291305,-0.00045677781105041504,0.09757328631540986,0.0008146574526671202,0.0,1
142,-1.0000000000000007,100,False,True,2.86,-0.8506004571914673,-0.0009040892124176026,0.04533013298161734,0.0001868259944669859,0.0,1
143,-1.0000000000000007,100,False,True,2.88,-0.9026003563404084,-0.0006359732151031494,0.01976687133566884,3.140569096956369e-05,0.0,1
144,0.4299999999999997,58,True,False,2.5344827586206895,-0.9110190960867651,0.03219740349670936,0.302454057903728,0.05952606033925276,0.0,1
145,0.0799999999999994,93,True,False,3.5698924731182795,-0.7928697729623446,0.018707832982463223,0.2671571891461363,0.029621654031028132,0.0,1
146,-1.0000000000000007,100,False,True,3.74,-0.7483009684085846,-0.00258722186088562,0.1368777723979747,0.00025528585512589073,0.0,1
147,0.10999999999999943,90,True,False,3.0,-0.8482203894191318,0.019147759675979613,0.26148969275976003,0.03929739597089955,0.0,1
148,-1.0000000000000007,100,False,True,4.38,-0.8842219859361649,-0.0010644394159317018,0.10235838664239054,6.318277101911462e-05,0.0,1
149,0.72,29,True,False,3.0344827586206895,-0.858690882551259,0.065303648340291,0.5106736374641827,0.11059778396179354,0.0,1
150,-1.0000000000000007,100,False,True,4.15,-0.8356473833322525,6.856143474578857e-05,0.1098263808046704,0.000115057436269268,0.0,1
151,-1.0000000000000007,100,False,True,3.03,-0.7624886023998261,-0.0015598607063293456,0.08470486457230436,0.00043609241816014335,0.0,1
152,0.8099999999999999,20,True,False,2.95,-0.7919404625892639,0.08851327002048492,0.5604535523697791,0.14437493262927603,0.0,1
153,0.6499999999999999,36,True,False,4.555555555555555,-0.6408668003148503,0.04510929269923104,0.40040158532781334,0.054931416115241265,0.0,2
154,0.92,9,True,False,5.888888888888889,-0.4460521986087163,0.1529220955239402,0.331742627500767,0.15285153502705068,0.0,2
155,0.88,13,True,False,5.923076923076923,-0.2442811933847574,0.07991682107631977,0.31499390806857264,0.0492569949384373,0.0,2
156,0.91,10,True,False,5.5,0.34315885454416273,0.0482980526983738,0.14006397286175343,0.01955828913851292,0.0,2
157,0.7699999999999999,24,True,False,5.958333333333333,0.48898460405568284,0.005965622762839,0.2605207937002281,0.0065882634850519635,0.0,2
158,0.91,10,True,False,5.0,1.0121060132980346,0.005790132284164429,0.1546096130819933,0.02662300126539776,0.0,2
159,0.92,9,True,False,6.0,1.071304890844557,-0.007317026456197103,0.07983374012918729,0.011341379945709681,0.0,2
160,0.88,13,True,False,5.923076923076923,1.0143025930111225,-0.013998169165391188,0.0726252756006803,0.004869867598384959,0.0,2
161,0.92,9,True,False,5.333333333333333,1.0084941652086046,-0.005254659387800429,0.049011599410126415,0.0019479750826576492,0.0,2
162,0.89,12,True,False,4.75,0.9088476747274399,0.0027865469455718994,0.08544565321115745,0.0035685104114975275,0.0,2
163,0.92,9,True,False,5.777777777777778,0.8385137584474351,-0.002555761072370741,0.06535496209513288,0.007121567692997309,0.0,2
164,0.91,10,True,False,5.1,0.7905370712280273,0.005610263347625733,0.06813526931982779,0.005211164937645662,0.0,2
165,0.92,9,True,False,6.0,0.7847378651301066,0.015806198120117188,0.05742637153222555,0.0048933373764157295,0.0,2
166,0.9299999999999999,8,True,False,5.625,0.8671346381306648,0.0007816329598426819,0.0233073708213567,0.0012419789386513003,0.0,2
167,0.9,11,True,False,5.181818181818182,0.9537593668157404,-0.002693588083440607,0.06685898877795311,0.00194273256651782,0.0,2
168,0.87,14,True,False,6.0,0.9108281561306545,-0.007696649857929775,0.06583720863643196,0.0015677392131172902,0.0,1
169,0.9299999999999999,8,True,False,6.0,0.8267232105135918,0.01265697181224823,0.04150831339211436,0.0022544554176420206,0.0,2
170,0.91,10,True,False,5.6,0.8891521573066712,0.0025069892406463625,0.03137045248022332,0.0007994969749915981,0.0,1
171,0.9,11,True,False,5.0,0.9186506054618142,0.000504060225053267,0.018423618267661368,0.0004026981120907956,0.0,2
172,0.91,10,True,False,5.7,0.8858759760856628,-0.005623656511306763,0.018568726891044208,0.0006467318269642419,0.0,2
173,0.86,15,True,False,4.933333333333334,0.9265140255292257,-0.0009029507637023926,0.06909564034476716,0.0013526888188304534,0.0,2
174,0.87,14,True,False,5.5,0.8915011159011296,-0.0007996516568320138,0.07288849748651469,0.0012733019339066232,0.0,2
175,0.87,14,True,False,4.714285714285714,0.8127349231924329,0.0037344651562826975,0.0940118962100444,0.004436451114348269,0.0,2
176,0.92,9,True,False,6.0,0.8139774998029073,0.011024395624796549,0.05139604036018378,0.002544730815619308,0.0,2
177,0.91,10,True,False,5.3,0.8714823842048645,0.008029419183731078,0.03318329535977682,0.001068904971361917,0.0,2
178,0.91,10,True,False,6.0,0.9265308499336242,-0.0048491179943084715,0.026502994163001857,0.0010411796625703572,0.0,2
179,0.91,10,True,False,5.2,0.9285922169685363,-0.001248234510421753,0.023544694886857086,0.0005791123785456875,0.0,2
180,0.9299999999999999,8,True,False,6.0,0.9082740396261215,0.0061869025230407715,0.011242816434013037,0.0003637429641329959,0.0,2
181,0.92,9,True,False,5.333333333333333,0.9143183893627591,0.0002101792229546441,0.012076583332954114,0.0006466774708921245,0.0,1
182,0.71,30,True,False,5.433333333333334,0.8903164525826772,-0.006898874044418335,0.14411180219587624,0.0018329179063044875,0.0,1
183,0.87,14,True,False,4.928571428571429,0.7806229889392853,0.002953993422644479,0.08704641569784144,0.0025711479726006864,0.0,1
184,0.89,12,True,False,4.416666666666667,0.693633958697319,0.01445495088895162,0.1016424888112321,0.00583658856605022,0.0,2
185,0.83,18,True,False,5.055555555555555,0.7591304712825351,0.0031178659862942165,0.10477676838264137,0.002099677249437567,0.0,2
186,0.91,10,True,False,5.1,0.75311199426651,0.021305173635482788,0.052683892299273796,0.0019372060112800682,0.0,2
187,0.85,16,True,False,5.0,0.9167453274130821,-0.007748771458864212,0.07063784400492068,0.0017318346514603178,0.0,1
188,0.9,11,True,False,4.636363636363637,0.8715719743208452,-0.001624188639900901,0.02255702447566612,0.0005338205895565228,0.0,2
189,0.91,10,True,False,4.7,0.8677772760391236,0.0028160631656646727,0.03237119193072431,0.0017184182066557695,0.0,2
190,0.88,13,True,False,4.538461538461538,0.8823062823368952,0.004297825006338267,0.03190620437688862,0.0009971259920488452,0.0,2
191,0.86,15,True,False,4.466666666666667,0.8656326691309612,-0.005525203545888265,0.05435543124354657,0.0009805112639393579,0.0,2
192,0.89,12,True,False,4.583333333333333,0.8391640931367874,0.0025918235381444297,0.05645446254910288,0.003459079865554789,0.0,2
193,0.9299999999999999,8,True,False,4.625,0.8487184792757034,0.011205516755580902,0.0220125745182429,0.0007106986255394077,0.0,2
194,0.9,11,True,False,4.7272727272727275,0.8687520623207092,0.005016424439170144,0.027615781319995716,0.0014158126561431511,0.0,2
195,0.87,14,True,False,4.571428571428571,0.9211182977472033,-0.011125585862568446,0.03652908792837804,0.0007038664114225364,0.0,2
196,0.91,10,True,False,5.0,0.9037241160869598,0.0006305694580078125,0.028547846766196018,0.0007482688844902441,0.0,2
197,0.83,18,True,False,4.722222222222222,0.8664871619807349,-0.005708068609237671,0.09219170432606916,0.0015218838381972294,0.0,2
198,0.9299999999999999,8,True,False,5.0,0.8034751042723656,0.03139650076627731,0.027116950855429423,0.0022376954922265213,0.0,2
199,0.85,16,True,False,4.5625,0.9242304638028145,-0.005218982696533203,0.058279965911339104,0.0007613614927777235,0.0,2
200,0.9,11,True,False,4.818181818181818,0.9271957549181852,0.0013368942520835183,0.026511419047603176,0.00039122567217087965,0.0,2
201,0.92,9,True,False,4.888888888888889,0.9259001082844205,0.005325211418999566,0.016882645638159173,0.000617308278581024,0.0,2
202,0.9299999999999999,8,True,False,5.0,0.9343428835272789,-0.0009186714887619019,0.015506031391403496,0.0005075150912716708,0.0,2
203,0.88,13,True,False,5.0,0.9293683492220365,-0.0038771675183222843,0.04979312244404355,0.0008042700378260074,0.0,2
204,0.91,10,True,False,4.5,0.8864178717136383,0.0033091843128204347,0.047783389952201105,0.0016147202539059436,0.0,2
205,0.92,9,True,False,4.888888888888889,0.8922588361634148,0.002121110757191976,0.0291312112972264,0.0007057996446949093,0.0,2
206,0.9299999999999999,8,True,False,5.125,0.8795199245214462,0.008289501070976257,0.02338188906645655,0.0012272095835790253,0.0,2
207,0.91,10,True,False,4.3,0.9253796994686126,-0.0025364995002746583,0.02708702270883805,0.0008011820413230452,0.0,2
208,0.92,9,True,False,4.777777777777778,0.9321029120021396,-0.0035100910398695204,0.0171036652739834,0.00044010023677603586,0.0,2
209,0.9,11,True,False,4.636363636363637,0.9199112762104381,-0.0032192251899025655,0.03357622169573915,0.0006740972385159694,0.0,2
210,0.75,26,True,False,5.038461538461538,0.8301368378675901,-0.0026404857635498047,0.12937874759815643,0.0020256891979303104,0.0,2
211,0.89,12,True,False,4.833333333333333,0.7440606355667114,0.007191662987073262,0.09678949583205092,0.004543916801916718,0.0,2
212,0.83,18,True,False,4.722222222222222,0.7092876500553555,0.005130549271901448,0.1352673481054012,0.0035355966573054807,0.0,2
213,0.9299999999999999,8,True,False,4.75,0.7378556355834007,0.014579854905605316,0.045248624042091734,0.002777953882798556,0.0,2
214,0.89,12,True,False,4.583333333333333,0.7944753915071487,0.011304497718811035,0.08392459835655093,0.00264670863517343,0.0,2
215,0.91,10,True,False,5.0,0.9306082367897034,0.007779157161712647,0.0979553579982337,0.005923233303951747,0.0,2
216,0.89,12,True,False,4.333333333333333,1.0067066897948582,-0.011073842644691467,0.08998234871985271,0.003901122121237203,0.0,2
217,0.7799999999999999,23,True,False,4.608695652173913,0.9392288897348486,-0.007096070310343866,0.10675933517576715,0.0015106022860495812,0.0,2
218,0.86,15,True,False,4.666666666666667,0.8157277544339497,0.0035936872164408365,0.0994792922193786,0.0026462272569915514,0.0,2
219,0.9,11,True,False,4.909090909090909,0.7920994758605957,0.009927527471022173,0.0641836018054288,0.0024942367135839627,0.0,2
220,0.91,10,True,False,5.1,0.8472086727619171,0.005050748586654663,0.03627336245509625,0.0009301683376634173,0.0,2
221,0.91,10,True,False,5.1,0.8947208464145661,-0.00027877092361450195,0.025664788423904385,0.0003556581038111517,0.0,2
222,0.86,15,True,False,5.066666666666666,0.8433272282282511,-0.004534661769866943,0.08504435660436988,0.0018230894502873221,0.0,2
223,0.9,11,True,False,5.181818181818182,0.8541966785084117,0.0049641674215143376,0.042547459199175304,0.0008131165229149866,0.0,2
224,0.83,18,True,False,5.166666666666667,0.82720704542266,0.0002951853805118137,0.09717872382304904,0.0014873333576461947,0.0,1
225,0.7999999999999999,21,True,False,5.0,0.7690892219543457,0.003540203684852237,0.12339920714142527,0.0018365078633342776,0.0,1
226,0.4099999999999997,60,True,False,4.15,0.8955237319072088,0.00015231569608052572,0.10993351885872471,0.0009883236865334765,0.0,1
227,0.7999999999999999,21,True,False,5.0476190476190474,0.9393865437734694,0.002045219852810814,0.024533725339660167,0.0002961313183775582,0.0,2
228,0.5199999999999998,49,True,False,4.938775510204081,0.665632812344298,-0.0011993202627921592,0.29287183545390544,0.005018445370185465,0.0,1
229,-1.0000000000000007,100,False,True,4.94,0.06040884400717914,-0.00887433072552085,0.20830116639090193,0.0022932156593856233,0.0,1
230,0.4999999999999998,51,True,False,4.784313725490196,-0.25032296791380526,0.019390134980865552,0.4257419953714638,0.03329134861514474,0.0,1
231,0.91,10,True,False,5.9,-0.3452001839876175,0.12912997454404831,0.403316380299475,0.14037598032746246,0.0,1
232,-1.0000000000000007,100,False,True,5.54,-0.2941299243271351,-0.002480207532644272,0.1618022461927467,0.0005466908895226652,0.0,1
233,-1.0000000000000007,100,False,True,4.32,-0.5418364030122756,-0.002268325090408325,0.05988129043391382,0.00014127312149263106,0.0,1
234,-1.0000000000000007,100,False,True,4.79,-0.6539987009763718,-0.0005856817960739136,0.029315884912948606,9.298051932042028e-05,0.0,1
235,-1.0000000000000007,100,False,True,4.95,-0.8353472024202346,-0.00086672842502594,0.01851776671355765,9.341321208133025e-05,0.0,1
236,0.7899999999999999,22,True,False,4.045454545454546,-0.7817444665865465,0.07474766807122664,0.586868901560427,0.12097946481591232,0.0,1
237,-1.0000000000000007,100,False,True,5.04,-0.7700769102573395,-0.0015336555242538453,0.08239019235380908,3.383631390509123e-05,0.0,1
238,-1.0000000000000007,100,False,True,5.01,-0.6861143982410431,-0.001175227165222168,0.1285575268932189,0.0009953964937605875,0.0,2
239,0.87,14,True,False,5.071428571428571,-0.8531260234969003,0.12826338410377502,0.61707759423978,0.19072693430496607,0.0,1
240,0.5099999999999998,50,True,False,5.72,-0.5874939632415771,0.03164059042930603,0.4107035539248136,0.03614781070073406,0.0,1
241,0.73,28,True,False,6.214285714285714,-0.30350681287901743,0.04425953594701631,0.4727317185443261,0.04392998328347021,0.0,1
242,0.16999999999999948,84,True,False,6.238095238095238,-0.26409596550677505,0.013250059049044336,0.36230280706210816,0.017590432291711637,0.0,1
243,0.5199999999999998,49,True,False,5.73469387755102,-0.09096548310005848,0.020521265549623236,0.40710498943884216,0.023736999168110687,0.0,1
244,0.01999999999999935,99,True,False,5.252525252525253,-0.25027376695564296,0.010722955067952475,0.22753784573616959,0.010831162613482638,0.0,1
245,0.2699999999999996,74,True,False,5.824324324324325,-0.1779196188105522,0.013914457723699711,0.24440518961389013,0.012365709579158706,0.0,1
246,0.04999999999999938,96,True,False,5.71875,-0.05098587932783024,0.009009180580809092,0.2829726277342222,0.011945373358642541,0.0,1
247,0.3099999999999996,70,True,False,6.0,-0.25234814743910516,0.014034724341971533,0.27182459524461333,0.017239375032064734,0.0,1
248,-1.0000000000000007,100,False,True,6.33,-0.1522352325823158,-0.000872062910348177,0.1343646208961036,0.00040108326511585803,0.0,1
249,0.3899999999999997,62,True,False,5.193548387096774,-0.34588475285037873,0.020867137658980586,0.33842539038899727,0.028040908106269795,0.0,1
250,0.6099999999999999,40,True,False,7.0,-0.22008692473173141,0.027714761160314082,0.40310443571333965,0.034014522284479654,0.0,1
251,0.11999999999999944,89,True,False,7.314606741573034,-0.3258051872253418,0.012187661247306995,0.3074613700604602,0.018966796145062373,0.0,1
252,0.7899999999999999,22,True,False,8.0,-0.3074656135656617,0.05904444239356301,0.4641612766237648,0.06542220682434224,0.0,1
253,0.6499999999999999,36,True,False,8.0,-0.16826153215434816,0.03009986360039976,0.4503456400993097,0.036231800268315024,0.0,1
254,0.9299999999999999,8,True,False,10.0,-0.13651943719014525,0.1416146936826408,0.29209871629427653,0.13673840945830307,0.0,1
255,0.9299999999999999,8,True,False,10.0,-0.06753048545215279,0.12332801998127252,0.23497047541081884,0.09567720438373506,0.0,1
256,0.91,10,True,False,10.0,0.15604606047272682,0.06726818978786468,0.24862317335500847,0.05278321997247985,0.0,1
257,0.9299999999999999,8,True,False,10.125,0.2360056946054101,0.09785839915275574,0.1448300211404785,0.03905300568138159,0.0,1
258,0.83,18,True,False,10.055555555555555,0.6464818550480737,0.020872334639231365,0.21183275637300072,0.005182613349220076,0.0,1
259,0.92,9,True,False,10.0,0.6932661798265245,0.009988771544562446,0.09465501643474757,0.010508739337031633,0.0,1
260,0.9299999999999999,8,True,False,10.0,0.7237591370940208,0.01573231816291809,0.0476842264924926,0.004345170926171704,0.0,1
261,0.9,11,True,False,10.0,0.8075169920921326,0.007894792340018532,0.08910462642275392,0.005869843816485213,0.0,1
262,0.85,16,True,False,10.0,0.9381621554493904,4.2282044887542725e-06,0.16708554346735127,0.0028704325095532113,0.0,1
263,0.9299999999999999,8,True,False,10.0,1.0545886307954788,-0.018215209245681763,0.06841573618385155,0.0025938864761769764,0.0,1
264,0.9299999999999999,8,True,False,10.0,1.0029721856117249,-0.0034083425998687744,0.037524044789734035,0.0010559297256804712,0.0,1
265,0.92,9,True,False,10.0,0.9760103027025858,-7.098250918918186e-05,0.03582698329268573,0.003288534819148481,0.0,1
266,0.9299999999999999,8,True,False,10.0,0.9040685296058655,0.00543610006570816,0.0262631809106324,0.0005383253582209591,0.0,1
267,0.92,9,True,False,10.0,0.9137270185682509,0.003466533290015327,0.030518489454607334,0.0003302603011737422,0.0,1
268,0.92,9,True,False,10.0,0.9240672853257921,-0.0051024556159973145,0.03579839112191823,0.0011539536115176613,0.0,1
269,0.9299999999999999,8,True,False,10.0,0.8950354978442192,0.008189626038074493,0.02244749551334735,0.000444242540867279,0.0,1
270,0.9299999999999999,8,True,False,10.0,0.9398365765810013,-0.0026948973536491394,0.021922727679793752,0.0013095794830206842,0.0,1
271,0.9,11,True,False,10.0,0.9403078664432872,-0.008269862695173784,0.0548576836347572,0.0012262783714876687,0.0,1
272,0.9,11,True,False,9.909090909090908,0.8754551248116926,-0.0002110654657537287,0.06506685980254835,0.001642940544611933,0.0,1
273,0.88,13,True,False,9.923076923076923,0.8430371559583224,0.005794506806593675,0.07459533462417767,0.0016521201330481116,0.0,1
274,0.9299999999999999,8,True,False,10.0,0.8487057760357857,0.013943813741207123,0.025199043894645,0.0008509448336653236,0.0,1
275,0.91,10,True,False,10.0,0.917268967628479,-0.0029389917850494384,0.01939915486073005,0.00034777629080053887,0.0,1
276,0.91,10,True,False,10.0,0.9420567154884338,0.00044208765029907227,0.025505252855646178,0.00039222393133151454,0.0,1
277,0.9299999999999999,8,True,False,10.0,0.9549451768398285,-0.0072225406765937805,0.015859448582112634,0.00044663007429335266,0.0,1
278,0.9,11,True,False,9.909090909090908,0.9408551996404474,-5.7930296117609196e-05,0.028125896107284956,0.00028623156214797,0.0,1
279,0.84,17,True,False,8.882352941176471,0.8911951920565437,-0.0062306663569282085,0.1132970637495686,0.0021959654747179765,0.0,1
280,0.7,31,True,False,8.387096774193548,0.7001191627594733,0.0005313292626411685,0.2115522108641827,0.006448202312229466,0.0,1
281,0.9299999999999999,8,True,False,10.0,0.46090836077928543,0.06144018471240997,0.12880958891696537,0.02597306230927643,0.0,1
282,0.92,9,True,False,10.0,0.5281395283010271,0.04650965332984924,0.11933556080566632,0.014721192721279093,0.0,1
283,0.9,11,True,False,10.0,0.6629708138379183,0.015109815380790016,0.11136814897938828,0.0068764027114825285,0.0,1
284,0.92,9,True,False,10.0,0.7152238753106859,0.020495050483279757,0.07461628955590843,0.005337871526181617,0.0,1
285,0.92,9,True,False,10.0,0.7694646517435709,0.011087311638726128,0.05933092257813163,0.0030119310389425083,0.0,1
286,0.89,12,True,False,10.0,0.8256401817003886,0.004701291521390279,0.059207135339266394,0.0011332418809762619,0.0,1
287,0.91,10,True,False,10.0,0.8654470622539521,-0.0017289340496063233,0.04335200315936163,0.0009297820974325077,0.0,1
288,0.87,14,True,False,10.0,0.8986906792436328,-0.0002651086875370571,0.06432933048714469,0.0007421383749845388,0.0,1
289,0.92,9,True,False,10.0,0.8819760613971286,0.004824221134185791,0.02682550417187536,0.0004731608348530851,0.0,1
290,0.9299999999999999,8,True,False,10.0,0.8994603082537651,0.00097714364528656,0.011228046428527705,0.0004405621475598309,0.0,1
291,0.9299999999999999,8,True,False,10.0,0.9063635990023613,0.0002870708703994751,0.014583642646584849,0.000501619602800929,0.0,1
292,0.9299999999999999,8,True,False,10.0,0.9144381210207939,0.00038342922925949097,0.012657712751092731,0.0003096717564137208,0.0,1
293,0.9,11,True,False,10.0,0.9372355992143805,-0.008137253197756681,0.04570744635822683,0.0006066746512839348,0.0,1
294,0.87,14,True,False,10.0,0.8394867607525417,-0.005489268473216465,0.10484465597983217,0.0024429923883612253,0.0,1
295,0.9299999999999999,8,True,False,10.0,0.733368381857872,0.029007866978645325,0.05893365647864357,0.003965417450103814,0.0,1
296,0.9,11,True,False,10.0,0.8020142425190319,0.004012980244376443,0.05992205548979903,0.0013479436122297143,0.0,1
297,0.92,9,True,False,10.0,0.8756604592005411,0.009290695190429688,0.019100044576513635,0.0005752808782643923,0.0,1
298,0.91,10,True,False,10.0,0.9590657889842987,-0.004204249382019043,0.02241275502286726,0.00016614579300551214,0.0,1
299,0.9,11,True,False,10.0,0.9648847038095648,-0.004502567377957431,0.025030520649290174,0.0005641462041487764,0.0,1
300,0.88,13,True,False,10.0,0.9295191306334275,-0.005364606013664832,0.05139443519591133,0.0008152790027312362,0.0,1
