hidden_v_threshold,output_v_threshold,actor_network_firing_rate,actor_output_firing_rate,actor_output_frac_active,action_entropy
0.3,0.05,0.4656006097793579,0.5606445670127869,0.703125,0.47444677352905273
0.3,0.18181818181818182,0.4336995581785838,0.4649414122104645,0.630859375,0.25705763697624207
0.3,0.3136363636363636,0.4103597104549408,0.3949218690395355,0.560546875,0.0931587666273117
0.3,0.4454545454545454,0.3934326370557149,0.3441406488418579,0.50390625,0.05042777210474014
0.3,0.5772727272727273,0.37858888506889343,0.29960939288139343,0.46875,0.05821402743458748
0.3,0.7090909090909091,0.3686930437882741,0.2699218690395355,0.45703125,0.06375914067029953
0.3,0.8409090909090908,0.3620198667049408,0.24990233778953552,0.43359375,0.0586274228990078
0.3,0.9727272727272727,0.3578857531150182,0.23749999701976776,0.423828125,0.07559362798929214
0.3,1.1045454545454545,0.35576986769835156,0.23115234076976776,0.419921875,0.08097446709871292
0.3,1.2363636363636363,0.35524903734525043,0.22958984971046448,0.419921875,0.0799444168806076
0.3,1.3681818181818182,0.35703939696153003,0.23496092855930328,0.423828125,0.08257567882537842
0.3,1.5,0.3593180477619171,0.24179688096046448,0.427734375,0.06526930630207062
0.45454545454545453,0.05,0.43548583984375,0.537304699420929,0.69140625,0.3337251842021942
0.45454545454545453,0.18181818181818182,0.40485432744026184,0.4454101622104645,0.626953125,0.14175930619239807
0.45454545454545453,0.3136363636363636,0.3811238507429759,0.37421873211860657,0.568359375,0.07848058640956879
0.45454545454545453,0.4454545454545454,0.36510823170344037,0.326171875,0.501953125,0.07986056059598923
0.45454545454545453,0.5772727272727273,0.35065510869026184,0.2828125059604645,0.462890625,0.08087661862373352
0.45454545454545453,0.7090909090909091,0.34030354022979736,0.25175780057907104,0.4453125,0.09333787858486176
0.45454545454545453,0.8409090909090908,0.3339884380499522,0.23281249403953552,0.427734375,0.09004829078912735
0.45454545454545453,0.9727272727272727,0.32972411314646405,0.22001951932907104,0.40625,0.07621856033802032
0.45454545454545453,1.1045454545454545,0.32728271186351776,0.21269531548023224,0.40234375,0.0731947273015976
0.45454545454545453,1.2363636363636363,0.3269246369600296,0.21162109076976776,0.40234375,0.07523753494024277
0.45454545454545453,1.3681818181818182,0.32770588994026184,0.21396484971046448,0.40234375,0.07554037123918533
0.45454545454545453,1.5,0.3312540700038274,0.2246093899011612,0.421875,0.08047191798686981
0.6090909090909091,0.05,0.41792603333791095,0.531445324420929,0.69140625,0.3305111825466156
0.6090909090909091,0.18181818181818182,0.38504841923713684,0.43281248211860657,0.6171875,0.14344318211078644
0.6090909090909091,0.3136363636363636,0.36151326696077984,0.3622070252895355,0.5546875,0.0877547338604927
0.6090909090909091,0.4454545454545454,0.3421773314476013,0.30419921875,0.521484375,0.06356371939182281
0.6090909090909091,0.5772727272727273,0.326812744140625,0.25810545682907104,0.48046875,0.059849176555871964
0.6090909090909091,0.7090909090909091,0.3158426930507024,0.22519530355930328,0.4453125,0.06910813599824905
0.6090909090909091,0.8409090909090908,0.3085184743007024,0.20322264730930328,0.41015625,0.06400278955698013
0.6090909090909091,0.9727272727272727,0.30366822083791095,0.18867188692092896,0.390625,0.08937850594520569
0.6090909090909091,1.1045454545454545,0.30073852837085724,0.17988280951976776,0.37890625,0.08684748411178589
0.6090909090909091,1.2363636363636363,0.3006083220243454,0.17949219048023224,0.37890625,0.08516701310873032
0.6090909090909091,1.3681818181818182,0.3014546682437261,0.18203122913837433,0.384765625,0.08674845844507217
0.6090909090909091,1.5,0.3053283741076787,0.19365234673023224,0.3984375,0.08626247942447662
0.7636363636363637,0.05,0.4037679036458333,0.522753894329071,0.693359375,0.3461659252643585
0.7636363636363637,0.18181818181818182,0.3690022826194763,0.41845703125,0.638671875,0.12626765668392181
0.7636363636363637,0.3136363636363636,0.34458821018536884,0.3452148139476776,0.55859375,0.06402738392353058
0.7636363636363637,0.4454545454545454,0.32463379700978595,0.28535157442092896,0.513671875,0.08948573470115662
0.7636363636363637,0.5772727272727273,0.3060140013694763,0.2294921875,0.470703125,0.10796582698822021
0.7636363636363637,0.7090909090909091,0.2957926442225774,0.19882811605930328,0.439453125,0.08548546582460403
0.7636363636363637,0.8409090909090908,0.28973795970280963,0.1806640625,0.4140625,0.08311253041028976
0.7636363636363637,0.9727272727272727,0.284692386786143,0.16552734375,0.390625,0.08894044160842896
0.7636363636363637,1.1045454545454545,0.2820882201194763,0.15771484375,0.38671875,0.09558487683534622
0.7636363636363637,1.2363636363636363,0.2818278024593989,0.15693359076976776,0.38671875,0.09389224648475647
0.7636363636363637,1.3681818181818182,0.28358561793963116,0.16220703721046448,0.38671875,0.09954464435577393
0.7636363636363637,1.5,0.2868408262729645,0.17197266221046448,0.404296875,0.09360318630933762
0.9181818181818182,0.05,0.39584555228551227,0.5205078125,0.69140625,0.3128931522369385
0.9181818181818182,0.18181818181818182,0.3622843523820241,0.4198242127895355,0.62109375,0.13508082926273346
0.9181818181818182,0.3136363636363636,0.33285727103551227,0.33154296875,0.57421875,0.10934586077928543
0.9181818181818182,0.4454545454545454,0.3110799392064412,0.26621097326278687,0.509765625,0.09812355041503906
0.9181818181818182,0.5772727272727273,0.29379477103551227,0.21435546875,0.46484375,0.09108009934425354
0.9181818181818182,0.7090909090909091,0.28337810436884564,0.18310546875,0.4296875,0.1021687313914299
0.9181818181818182,0.8409090909090908,0.27670492728551227,0.1630859375,0.396484375,0.1106254830956459
0.9181818181818182,0.9727272727272727,0.27263592183589935,0.1508789211511612,0.375,0.11283737421035767
0.9181818181818182,1.1045454545454545,0.2712036222219467,0.14658202230930328,0.37109375,0.1109713613986969
0.9181818181818182,1.2363636363636363,0.2707478900750478,0.14521482586860657,0.37109375,0.11301930248737335
0.9181818181818182,1.3681818181818182,0.27208253741264343,0.14921876788139343,0.375,0.11383988708257675
0.9181818181818182,1.5,0.27475180228551227,0.1572265625,0.388671875,0.10793258994817734
1.0727272727272728,0.05,0.3930419981479645,0.52197265625,0.685546875,0.3179589807987213
1.0727272727272728,0.18181818181818182,0.35677897930145264,0.4131835997104645,0.623046875,0.1486007571220398
1.0727272727272728,0.3136363636363636,0.3266357481479645,0.32275390625,0.56640625,0.1372513771057129
1.0727272727272728,0.4454545454545454,0.3050537208716075,0.25800782442092896,0.51171875,0.11075788736343384
1.0727272727272728,0.5772727272727273,0.28773600856463116,0.2060546875,0.455078125,0.09553008526563644
1.0727272727272728,0.7090909090909091,0.2776123136281967,0.17568360269069672,0.431640625,0.10223697870969772
1.0727272727272728,0.8409090909090908,0.2713623096545537,0.15693359076976776,0.400390625,0.08889105916023254
1.0727272727272728,0.9727272727272727,0.26771647731463116,0.14599609375,0.380859375,0.10206670314073563
1.0727272727272728,1.1045454545454545,0.2660888731479645,0.14111328125,0.373046875,0.11279075592756271
1.0727272727272728,1.2363636363636363,0.26602376500765484,0.14091795682907104,0.373046875,0.11135005205869675
1.0727272727272728,1.3681818181818182,0.2668050130208333,0.14326170086860657,0.376953125,0.10486804693937302
1.0727272727272728,1.5,0.26927897830804187,0.15068359673023224,0.388671875,0.09793556481599808
1.2272727272727273,0.05,0.3935465415318807,0.526660144329071,0.69140625,0.31606608629226685
1.2272727272727273,0.18181818181818182,0.3552978535493215,0.41191408038139343,0.623046875,0.1395215392112732
1.2272727272727273,0.3136363636363636,0.3254801432291667,0.32246094942092896,0.568359375,0.1437460482120514
1.2272727272727273,0.4454545454545454,0.30402831236521405,0.25810545682907104,0.525390625,0.11618617177009583
1.2272727272727273,0.5772727272727273,0.2856689393520355,0.20302733778953552,0.46484375,0.10816877335309982
1.2272727272727273,0.7090909090909091,0.27528482178846997,0.1718749850988388,0.4296875,0.09706148505210876
1.2272727272727273,0.8409090909090908,0.2690999358892441,0.1533203274011612,0.3984375,0.09237968176603317
1.2272727272727273,0.9727272727272727,0.26577961444854736,0.14335936307907104,0.384765625,0.11468707025051117
1.2272727272727273,1.1045454545454545,0.2643147756656011,0.13896484673023224,0.375,0.12482400238513947
1.2272727272727273,1.2363636363636363,0.26415201524893445,0.13847656548023224,0.375,0.12131921201944351
1.2272727272727273,1.3681818181818182,0.26490071415901184,0.14072266221046448,0.37890625,0.121859110891819
1.2272727272727273,1.5,0.2671142518520355,0.14736327528953552,0.39453125,0.10784628987312317
1.3818181818181818,0.05,0.39343463877836865,0.5201171636581421,0.681640625,0.30885937809944153
1.3818181818181818,0.18181818181818182,0.35827838877836865,0.4146484136581421,0.62109375,0.16204218566417694
1.3818181818181818,0.3136363636363636,0.32758178810278576,0.32255861163139343,0.5625,0.13298332691192627
1.3818181818181818,0.4454545454545454,0.3050882965326309,0.25507813692092896,0.51171875,0.09675727784633636
1.3818181818181818,0.5772727272727273,0.28790079057216644,0.20351561903953552,0.462890625,0.08994019776582718
1.3818181818181818,0.7090909090909091,0.27862344185511273,0.17568357288837433,0.416015625,0.09303867816925049
1.3818181818181818,0.8409090909090908,0.2730570435523987,0.15898437798023224,0.392578125,0.09423799067735672
1.3818181818181818,0.9727272727272727,0.26885782182216644,0.14638671278953552,0.376953125,0.10440467298030853
1.3818181818181818,1.1045454545454545,0.26745808124542236,0.14218749105930328,0.37109375,0.1139422282576561
1.3818181818181818,1.2363636363636363,0.26739297807216644,0.14199218153953552,0.37109375,0.11395294219255447
1.3818181818181818,1.3681818181818182,0.2680765738089879,0.14404296875,0.373046875,0.1096871942281723
1.3818181818181818,1.5,0.27058308323224384,0.15156249701976776,0.390625,0.09678880125284195
1.5363636363636364,0.05,0.39723511536916095,0.5204101800918579,0.685546875,0.3000718653202057
1.5363636363636364,0.18181818181818182,0.3640645444393158,0.4208984673023224,0.626953125,0.14039307832717896
1.5363636363636364,0.3136363636363636,0.33545125524202984,0.3350585997104645,0.57421875,0.09975949674844742
1.5363636363636364,0.4454545454545454,0.31422730286916095,0.2713867425918579,0.509765625,0.08853896707296371
1.5363636363636364,0.5772727272727273,0.2963561912377675,0.2177734076976776,0.45703125,0.08560564368963242
1.5363636363636364,0.7090909090909091,0.28541870415210724,0.18496094644069672,0.427734375,0.0989387258887291
1.5363636363636364,0.8409090909090908,0.2784525553385417,0.1640625,0.38671875,0.1041245386004448
1.5363636363636364,0.9727272727272727,0.27448120216528576,0.15214844048023224,0.37109375,0.10158524662256241
1.5363636363636364,1.1045454545454545,0.2726908375819524,0.14677734673023224,0.3671875,0.099205881357193
1.5363636363636364,1.2363636363636363,0.27246297399202984,0.14609375596046448,0.3671875,0.10222698003053665
1.5363636363636364,1.3681818181818182,0.2735697428385417,0.1494140625,0.369140625,0.09908075630664825
1.5363636363636364,1.5,0.27675984303156537,0.15898436307907104,0.376953125,0.09713171422481537
1.690909090909091,0.05,0.40378011266390484,0.5228515267372131,0.6953125,0.34684786200523376
1.690909090909091,0.18181818181818182,0.3694051206111908,0.41972655057907104,0.63671875,0.12640437483787537
1.690909090909091,0.3136363636363636,0.34453532099723816,0.34511715173721313,0.556640625,0.0609675869345665
1.690909090909091,0.4454545454545454,0.3243204851945241,0.28447264432907104,0.51171875,0.09085319936275482
1.690909090909091,0.5772727272727273,0.30570069948832196,0.22861328721046448,0.466796875,0.10926252603530884
1.690909090909091,0.7090909090909091,0.2956095536549886,0.19833984971046448,0.439453125,0.08912928402423859
1.690909090909091,0.8409090909090908,0.2894246578216553,0.17978516221046448,0.41015625,0.08655086159706116
1.690909090909091,0.9727272727272727,0.2846069534619649,0.16533204913139343,0.388671875,0.08888404816389084
1.690909090909091,1.1045454545454545,0.2822306454181671,0.158203125,0.388671875,0.09556630253791809
1.690909090909091,1.2363636363636363,0.28197023272514343,0.15742188692092896,0.388671875,0.09387367218732834
1.690909090909091,1.3681818181818182,0.2835652828216553,0.16220703721046448,0.388671875,0.09950312227010727
1.690909090909091,1.5,0.2867228339115779,0.17167969048023224,0.400390625,0.09337060898542404
1.8454545454545455,0.05,0.4112752427657445,0.5233398675918579,0.68359375,0.3103538751602173
1.8454545454545455,0.18181818181818182,0.3798624823490779,0.4291015863418579,0.625,0.117505744099617
1.8454545454545455,0.3136363636363636,0.3565877328316371,0.3592773377895355,0.55859375,0.07547510415315628
1.8454545454545455,0.4454545454545454,0.33686117827892303,0.30009767413139343,0.517578125,0.06203952059149742
1.8454545454545455,0.5772727272727273,0.32084554930528003,0.2520507872104645,0.48046875,0.07870933413505554
1.8454545454545455,0.7090909090909091,0.30723877747853595,0.21123047173023224,0.44140625,0.09189735352993011
1.8454545454545455,0.8409090909090908,0.2990681976079941,0.18671873211860657,0.39453125,0.09760761260986328
1.8454545454545455,0.9727272727272727,0.29519450664520264,0.17509765923023224,0.37890625,0.0882841944694519
1.8454545454545455,1.1045454545454545,0.2936645597219467,0.17050781846046448,0.3671875,0.0873894989490509
1.8454545454545455,1.2363636363636363,0.29353434840838116,0.17011718451976776,0.3671875,0.08928543329238892
1.8454545454545455,1.3681818181818182,0.2944783568382263,0.17294920980930328,0.37109375,0.09087958186864853
1.8454545454545455,1.5,0.2966593454281489,0.17949217557907104,0.37890625,0.08737725019454956
2.0,0.05,0.42322997252146405,0.5347656011581421,0.708984375,0.36653652787208557
2.0,0.18181818181818182,0.39158936341603595,0.4398437738418579,0.623046875,0.15518192946910858
2.0,0.3136363636363636,0.366784671942393,0.36542969942092896,0.544921875,0.0916939377784729
2.0,0.4454545454545454,0.3505737284819285,0.3167968690395355,0.513671875,0.05469812452793121
2.0,0.5772727272727273,0.33494873841603595,0.2699218988418579,0.47265625,0.059003427624702454
2.0,0.7090909090909091,0.3236531565586726,0.23603515326976776,0.439453125,0.055947113782167435
2.0,0.8409090909090908,0.3148966481288274,0.20976562798023224,0.4140625,0.05365429073572159
2.0,0.9727272727272727,0.31033935646216076,0.19609375298023224,0.404296875,0.06322129815816879
2.0,1.1045454545454545,0.30780029296875,0.1884765625,0.390625,0.0666448324918747
2.0,1.2363636363636363,0.3076049784819285,0.18789061903953552,0.390625,0.06696704030036926
2.0,1.3681818181818182,0.3086140950520833,0.19091796875,0.396484375,0.06683272123336792
2.0,1.5,0.31177165110905963,0.20039063692092896,0.408203125,0.05728842690587044
